device_name,total_cost,avg_hourly_cost,hours_monitored
Bedroom AC,93.69208493674957,0.1301278957454855,720
Electric Dryer,22.19521521825782,0.030826687803135862,720
Kitchen Fridge,13.406192191091641,0.01861971137651617,720
Kitchen Microwave,6.162258495767135,0.008558692355232132,720
Home Office Computer,5.551797078895832,0.0077108292762442104,720
Washing Machine,4.551077059000025,0.006320940359722257,720
Living Room TV,4.161167941341933,0.005779399918530463,720
