device_name,readings_count,avg_power,min_power,peak_power,total_cost,avg_hourly_cost,power_variance,efficiency_score
Bedroom AC,720,1084.3991312123794,0.0,2999.5238711449174,93.69208493674957,0.1301278957454855,1301.3522587744678,87.99932403745538
Electric Dryer,720,256.8890650261322,0.0,3099.953677603505,22.19521521825782,0.030826687803135862,845.0289449246367,67.1052971897159
Kitchen Fridge,720,155.16426147096806,140.02150266797244,169.94453453448654,13.406192191091641,0.01861971137651617,8.859561294172645,99.42902049671855
Kitchen Microwave,720,71.32243629360111,1.0,1395.1834070296864,6.162258495767135,0.008558692355232132,290.8881562575695,59.215056106591895
Home Office Computer,720,64.25691063536843,5.000012409348617,249.98039896978025,5.551797078895832,0.0077108292762442104,95.2888133146838,85.17065131633721
Washing Machine,720,52.67450299768547,0.0,596.3382493462815,4.551077059000025,0.006320940359722257,158.6899736501763,69.87347490356973
Living Room TV,720,48.161665987753864,2.0,198.4608775991473,4.161167941341933,0.005779399918530463,59.39921959157402,87.66670164469029
